,name,link,lyrics
0,กอดหมอน ,https://xn--72c9bva0i.meemodel.com//เนื้อเพลง/กอดหมอน_พอส,"
กอดหมอนนอนดูแต่ข้างฝา
เวลาก็ผ่านมานานแล้วตั้งหลายปี...ตั้งหลายปี
ต้องทนจมอยู่กับความเหงา
อยากจะมีคนควงอย่างใครเขา ซักที...ซักที

มีวิธีอย่างไรให้ใครซักคนเข้ามารักฉันที
ใครรู้ดีวิธีขั้นตอนแบบไหน

กลัวฉันกลัวมัวดักดานหลายปีเป็นอย่างนี้ทุกที
ขอคนมาบอกทางฉันที
มีฉันมีใจที่รักภักดีรอแบ่งใจที่มี
ขอคนมาเมตตาฉันหน่อย

จะทำอย่างไรหากไม่สน
เวลาก็เริ่มจะผ่านพ้นไปทุกที...ทุกที
หากมันยังเป็นอยู่อย่างนี้
เห็นทีต้องทนอยู่คนเดียว อีกแล้วซิ...อีกแล้วซิ

มีวิธีอย่างไรให้ใครซักคนเข้ามารักฉันที
ใครรู้ดีวิธีขั้นตอนแบบไหน

กลัวฉันกลัวมัวดักดานหลายปีเป็นอย่างนี้ทุกที
ขอคนมาบอกทางฉันที
มีฉันมีใจที่รักภักดีรอแบ่งใจที่มี
ขอคนมาเมตตาฉันหน่อย

เฮ้..โจโจ้  ไอ้เรื่องแค่นี้มันไม่ถึงตายหรอก
เราไม่ได้โม้โม้ ที่คุณคนสวยเขาชอบเดินควงกับคนที่โก้โก้
ขับรถวอลโว่ รูปหล่อกล้ามโต กับเราก็โนโน ก็ไม่เป็นไร
แค่รอสักวันให้ฟ้าสงสารและดลบันดาล ให้เป็นคู่ตุนาหงัน
ที่ยังไม่พบพาน รอนานชักรำคาญ
รอแล้วรอเล่านั่งเฝ้าแต่รอ เมื่อไหร่จะมา..น้อ...

มีวิธีอย่างไรให้ใครซักคนเข้ามารักฉันที
ใครรู้ดีวิธีขั้นตอนแบบไหน

กลัวฉันกลัวมัวดักดานหลายปีเป็นอย่างนี้ทุกที
ขอคนมาบอกทางฉันที
มีฉันมีใจที่รักภักดีรอแบ่งใจที่มี
ขอคนมาเมตตาฉันหน่อย

กลัวฉันกลัวมัวดักดานหลายปีเป็นอย่างนี้ทุกที
ขอคนมาบอกทางฉันที
มีฉันมีใจที่รักภักดีรอแบ่งใจที่มี
ขอคนมาเมตตาฉันหน่อย"
1,ข้อความ ,https://xn--72c9bva0i.meemodel.com//เนื้อเพลง/ข้อความ_พอส,"
จะอยู่ไกลห่างสักเท่าไหร่ สิ่งหนึ่งที่ยึดใจเราอยู่ ไว้ไม่ให้เราห่างกัน
คือความห่วงใยที่เธอให้ฉัน คำพูดเหล่านั้น ที่เธอคอยส่งมา

ให้ฉันได้รับรู้ ให้ฉันนั้นได้มั่นใจ ไม่มีสิ่งไหนที่จะลึกซึ้งถึงคุณค่า
ผ่านมาจากถ้อยคำนั้น ผ่านมาจากสายตาฉัน และสิ่งๆนั้นบอกฉันให้รู้ตลอดมา

ฉันและเธอจะเดินไปด้วยกัน ไม่ว่าจะทุกข์หรือว่าจะสุขสันต์ ฉันจะมีเธอข้างกาย
วันเวลาจะนานสักเพียงไหน เพื่อนฉันคนนี้นั้นไม่มีวันห่าง และไม่มีวันจากไปไหน

ในวันที่ฉันไม่มีใคร เปิดอ่านข้อความเก่าๆ ช่างมีความหมายจากวันนั้น
คือความห่วงใยที่เธอให้ฉัน ข้อความเหล่านั้น ที่เธอคอยส่งมา

ให้ฉันได้รับรู้ ให้ฉันนั้นได้มั่นใจ ไม่มีสิ่งไหนที่จะลึกซึ้งถึงคุณค่า
ผ่านมาจากถ้อยคำนั้น ผ่านมาจากสายตาฉัน และสิ่งๆนั้นบอกฉันให้รู้ตลอดมา

ฉันและเธอจะเดินไปด้วยกัน ไม่ว่าจะทุกข์หรือว่าจะสุขสันต์ ฉันจะมีเธอข้างกาย
วันเวลาจะนานสักเพียงไหน เพื่อนฉันคนนี้นั้นไม่มีวันห่าง และไม่มีวันจากไปไหน

ให้ฉันได้รับรู้ ให้ฉันนั้นได้มั่นใจ ไม่มีสิ่งไหนที่จะลึกซึ้งถึงคุณค่า
ผ่านมาจากถ้อยคำนั้น ผ่านมาจากสายตาฉัน และสิ่งๆนั้นบอกฉันให้รู้ตลอดมา

ฉันและเธอจะเดินไปด้วยกัน ไม่ว่าจะทุกข์หรือว่าจะสุขสันต์ ฉันจะมีเธอข้างกาย
วันเวลาจะนานสักเพียงไหน เพื่อนฉันคนนี้นั้นไม่มีวันห่าง และไม่มีวันจากไปไหน"
2,คนไม่มีวาสนา ,https://xn--72c9bva0i.meemodel.com//เนื้อเพลง/คนไม่มีวาสนา_พอส,"
ฉันมันไม่มีวาสนา ขอเธอนั้นอย่า อย่ามาสนใจ
ทิ้งฉันไว้คนเดียว เหลียวแลฉันทำไม ฉันมันไม่คู่ควรกับเธอ
รักเรานั้นเป็นเหมือนเส้นขนาน ลากมาพบกันก็คงไม่เจอ
เส้นทางที่เธอเดิน สวยงามและเลิศเลอ ส่วนฉันมันเดินอยู่กลางทางที่มืดมน

* เกิดแล้วตายอีกกี่ครั้งยังไม่มีสิทธิ์ จะคิดว่าเราต่างเป็นคู่กัน
เกิดแล้วตายอีกกี่ครั้งยังไม่เทียมทัน เธอกับฉันต่างกันเหมือนฟ้าดิน

** ฉันมันไม่มีวาสนา ฝืนดวงชะตาก็คงไม่ได้เลย
เห็นเธอนั้นไปดี ฉันเองก็ดีใจ ฉันไม่หวังอะไรมากไปกว่านี้

( ซ้ำ * , ** )

เพราะฉันมันคนไม่มี วาสนา"
3,ความลับ ,https://xn--72c9bva0i.meemodel.com//เนื้อเพลง/ความลับ_พอส,"
มอง มองเธอมาแสนนาน
ฉันไม่กล้าต้องคอยหลบตาเธอเสมอ
กลัวว่าวันหนึ่งถ้าเธอรู้ว่าฉัน
ปิดบังความจริงอะไรเอาไว้

ความลับที่ฉันซ่อนไว้
ไม่เคยบอกใคร จะอดใจไม่ไหว

ยิ่งฉันใกล้เธอเท่าไหร่ ยิ่งอยากจะเผยใจ
เมื่อสบสายตาก็ยิ่งหวั่นไหว มันยากเหลือเกิน
จะเก็บซ่อนความรักเอาไว้
และความลับในใจของเธอ มีฉันอยู่บ้างไหม

โปรดบอกความในใจ ให้ฉันรู้ทีนะเธอ
เก็บเอาคำพูดของเธอ มาคิดมาก
แอบคิดไปเองอยู่อย่างนี้
ก็เธอ เธอช่างดีแสนดี คำว่ารักเธอ
จะต้องเก็บไว้อีกนานแค่ไหน

ความลับที่ฉันซ่อนไว้
ไม่เคยบอกใคร จะอดใจไม่ไหว

ยิ่งฉันใกล้เธอเท่าไหร่ ยิ่งอยากจะเผยใจ
เมื่อสบสายตาก็ยิ่งหวั่นไหว มันยากเหลือเกิน
จะเก็บซ่อนความรักเอาไว้
และความลับในใจของเธอ มีฉันอยู่บ้างไหม

ความลับที่ฉันซ่อนไว้
ไม่เคยบอกใคร จะอดใจไม่ไหว

ยิ่งฉันใกล้เธอเท่าไหร่ ยิ่งอยากจะเผยใจ
เมื่อสบสายตาก็ยิ่งหวั่นไหว มันยากเหลือเกิน
จะเก็บซ่อนความรักเอาไว้
และความลับในใจของเธอ มีฉันอยู่บ้างไหม

ยิ่งฉันใกล้เธอเท่าไหร่ ยิ่งอยากจะเผยใจ
เมื่อสบสายตาก็ยิ่งหวั่นไหว มันยากเหลือเกิน
จะเก็บซ่อนความรักเอาไว้
และความลับในใจของเธอ มีฉันอยู่บ้างไหม"
4,คือเหตุผล,https://xn--72c9bva0i.meemodel.com//เนื้อเพลง/คือเหตุผล_พอส,"
เธอชอบมาถามว่าทำไม ฉันจึงรักเธอจัง
มีเพียงคำตอบเดียว ที่ตัวฉันนั้น มีจะให้เธอ
ดอกไม้ที่ดูว่างดงาม นั้นก็ยังไม่เท่าเธอ
ให้เธอเป็นคนคนเดียว ที่ตัวฉันจะรักตลอดไป

คนเดียวที่ฉันจะผูกพัน
คนเดียวเท่านั้นคือเธอ
เพราะสิ่งดีๆ ที่มีให้กับฉัน
มันมากมาย จนล้น
คือเหตุผล ที่ฉันไม่เปลี่ยนไป
รักนี้จะไม่เปลี่ยนแปลง
ฉันยินดีที่จะอยู่กับเธอเสมอไป
ตราบใดฟ้าที่ยังไม่เปลี่ยนสี
โลกนี้ยังมีสายลม
ฉันก็ยังจะรักเธอ
รักจะรักแต่เธอผู้เดียว (ผิวปาก)

เธอไม่ต้องถามว่าเมื่อไร ฉันหมดรักเธอ
เพราะฉันไม่มีคำตอบ ที่ความหมายนั้นแปลว่าเลิกกัน
น้ำที่ยังไม่เปลี่ยนสี คงต้องมีปลาว่ายวน
ผลของมันจะเป็นอยู่อย่างนี้ ไม่มีวันเปลี่ยนแปลง

คนเดียวที่ฉันจะผูกพัน
คนเดียวเท่านั้นคือเธอ
เพราะสิ่งดีๆ ที่มีให้กับฉัน
มันมากมาย จนล้น
คือเหตุผล ที่ฉันไม่เปลี่ยนไป
รักนี้จะไม่เปลี่ยนแปลง
ฉันยินดีที่จะอยู่กับเธอเสมอไป
ตราบใดฟ้าที่ยังไม่เปลี่ยนสี
โลกนี้ยังมีสายลม
ฉันก็ยังจะรักเธอ
รักจะรักแต่เธอผู้เดียว (ผิวปาก)"
5,แค่ได้เป็นคนสุดท้ายที่เธอคิดถึง,https://xn--72c9bva0i.meemodel.com//เนื้อเพลง/แค่ได้เป็นคนสุดท้ายที่เธอคิดถึง_พอส,"
ฉัน ฉันไม่กล้าจะฝันไปไกล
ก็ที่ตรงนั้น เป็นที่ที่เรียกว่าหัวใจ

และคงมีบางคนเขายืนอยู่
อยู่ในนั้นในใจของเธอ
และต่อให้ไม่มีใครนั้นยืนอยู่
ก็รู้ดี ว่าคงไม่ใช่ฉัน

* แค่ได้เป็นคนสุดท้ายที่เธอคิดถึง
ได้เข้าไปอยู่ในนั้นซึ่งฉันไม่ควรได้เข้าไป
แค่เท่านี้ก็ดีพอกับใจของฉัน
แค่ได้เป็นคนสุดท้ายที่เธอมองเห็น
ได้อยู่ในสายตาที่เยือกเย็น
แค่เท่านี้ก็เป็นความสุขมากมายเกินกว่าฝัน

รู้ รู้ว่าดาวช่างแสนไกล
และคนอย่างฉัน ฉันไม่กล้าจะบินขึ้นไป

** แต่คงมีบางคนเขายืนอยู่
อยู่บนนั้นบนดาวคู่เธอ
และต่อให้ไม่มีใครขึ้นไปสู่
ก็รู้ดี ว่ายังไม่ใช่ฉัน

( ซ้ำ * )

( ซ้ำ ** , * )

อยู่ตรงนี้ก็มีความสุข ใต้ดวงดาว เหมือนกัน"
6,จะรักเธอคนเดียว ,https://xn--72c9bva0i.meemodel.com//เนื้อเพลง/จะรักเธอคนเดียว_พอส,"
ในวันนั้นมีแต่ความเหงา เป็นวันที่เรายังไม่เข้าใจ
ว่ารักแท้จริงเป็นอย่างไร ได้แต่เก็บไว้ ไว้เพียงคนเดียว

และวันนี้เธอมาให้ความหมาย ว่ารักแท้จริงเป็นเช่นไร
ที่ยังไม่เคยได้จากคนไหน ได้แต่เก็บไว้ให้เธอคนเดียว

สุดที่จะรัก สุดที่จะตามหา รักเธอนั้นมีค่ามากกว่าสิ่งใด
อยากบอกว่าเธอนี้ สุดจะมีความหมาย
แหละยอมทุ่มเทให้ทั้งใจ เก็บไว้ให้เธอคนเดียว
จะรักเธอคนเดียว จะรักเธอคนเดียว
จะไม่เหลียวไม่มองใครอีกแล้ว

ในวันนี้มีเธอเป็นความหวัง ในวันนี้มีเธอเป็นพลัง
ที่ทำให้ใจเราไม่อ้างว้าง และจะเก็บไว้ให้เธอคนเดียว

สุดที่จะรัก สุดที่จะตามหา รักเธอนั้นมีค่ามากกว่าสิ่งใด
อยากบอกว่าเธอนี้ สุดจะมีความหมาย
แหละยอมทุ่มเทให้ทั้งใจ เก็บไว้ให้เธอคนเดียว
จะรักเธอคนเดียว จะรักเธอคนเดียว
จะไม่เหลียวไม่มองใครอีกแล้ว"
7,ใจเย็นไว้ (Be Cool),https://xn--72c9bva0i.meemodel.com//เนื้อเพลง/ใจเย็นไว้%20(Be%20Cool)_พอส,"
เมื่อคืนวันร้อน  ก็มัวแต่ทำงานยุ่งแทบทั้งคืนกระวนกระวายไม่มีเวลาจะโทรไปหาเธอแต่เธอโทรมาและบอกว่าฉันกำลังจะทิ้งไปจะทำยังไงให้เธอมั่นใจเข้าใจในตัวฉัน(ก็)ฉันเองก็ทำอะไรให้เธอทุกอย่างทุกที ที่ทำตามใจสบายอยู่แล้วรักเธอ ไม่เลย ไม่เคยจะคิดเป็นอื่นก็เพราะเธอ แค่เพียงสบตาก็น่ากลัวแล้วขอเธอให้ลองเปิดใจเชื่อฉันดูหน่อยก็บอกกัน ให้เธอใจเย็นไว้นานานา นานานา นานานา ...........จะเอาแต่ใจก็เธอไม่เคยจะคิดจะฟังฉันเลยก็รักเธอ จนหมดหัวใจก็มีแต่งาน และมีแต่เธอก็เพียงแค่เท่านั้นน่ะอย่าคิดเลย ไม่เคยเลยที่จะลืมเธอ(ก็)ฉันเองก็ทำอะไรให้เธอทุกอย่างทุกที ที่ทำตามใจสบายอยู่แล้วรักเธอ ไม่เลย ไม่เคยจะคิดเป็นอื่นก็เพราะเธอ แค่เพียงสบตาก็น่ากลัวแล้ว(ก็)ฉันเองก็ทำอะไรให้เธอทุกอย่างทุกที ที่ทำตามใจสบายอยู่แล้วรักเธอ ไม่เลย ไม่เคยจะคิดเป็นอื่นก็เพราะเธอ แค่เพียงสบตาก็น่ากลัวแล้ว(ก็)ฉันเองก็ทำอะไรให้เธอทุกอย่างทุกที ที่ทำตามใจสบายอยู่แล้วรักเธอ ไม่เลย ไม่เคยจะคิดเป็นอื่นก็เพราะเธอ แค่เพียงสบตาก็น่ากลัวแล้วอย่าคิดเลย ไม่เคยจะลืมเธอ"
8,ช่วยบอกได้ไหม ,https://xn--72c9bva0i.meemodel.com//เนื้อเพลง/ช่วยบอกได้ไหม_พอส,"
ที่นี่ที่ฉันคอยเธออยู่ เฝ้ารอเธอมานานแล้วเธอรู้ไหม
ทุกทียังมั่นคงไม่เปลี่ยน ยังไงก็ยังทนไหว ยังไงก็ยังรอไหว

แต่ว่าในวันนี้ฉันเริ่มอยากรู้ สิ่งหนึ่งในใจวนเวียนคิดอยู่
อยากให้เธอบอก ไม่อยากจะหลอกตัวเองอีกแล้ว

ช่วยบอกได้ไหมจริงๆเธอคิดเช่นไร มันคือความรักแบบไหนที่เธอต้องการ
ฉันเป็นได้แค่เพื่อนเธอหรือมากกว่านั้น และฉันยังควรรอเธอทุกวัน อีกไหม

เมื่อก่อนก็ไม่เคยรู้สึก อยากที่จะมีคำถามเธอสักที
รักเธอหมดทั้งใจที่มี หัวใจดวงหนึ่งดวงนี้ไม่คิดจะมีข้อแม้

แต่ว่าในวันนี้ฉันเริ่มอยากรู้ สิ่งหนึ่งในใจวนเวียนคิดอยู่
อยากให้เธอบอก ไม่อยากจะหลอกตัวเองอีกแล้ว

ช่วยบอกได้ไหมจริงๆเธอคิดเช่นไร มันคือความรักแบบไหนที่เธอต้องการ
ฉันเป็นได้แค่เพื่อนเธอหรือมากกว่านั้น และฉันยังควรรอเธอทุกวัน อีกไหม

ฉันอยากจะขอให้เธอเห็นใจ เพราะว่าวันนี้ฉันทนไม่ไหว ขอเธอได้ไหม ช่วยบอกกับฉันที

ช่วยบอกได้ไหมจริงๆเธอคิดเช่นไร มันคือความรักแบบไหนที่เธอต้องการ
ฉันเป็นได้แค่เพื่อนเธอหรือมากกว่านั้น และให้เธอบอกกับฉันสักคำ
สิ่งที่ฉันได้อยากจะรู้มานาน และฉันยังควรรอเธอทุกวัน อีกไหม"
9,ดาว ,https://xn--72c9bva0i.meemodel.com//เนื้อเพลง/ดาว_พอส,"
หากคืนนี้มีดาวอยู่ล้านดวง ฉันขอได้ไหมสักดวงหนึ่งช่วยฟังฉันที
เพราะว่าคืนนี้ฉันมีเรื่องร้อนใจ อยากอธิฐานและขอดวงดาวให้ช่วยฉันสักที

เนื่องจากตอนนี้ฉันรู้สึกจิตใจมันอ่อนไหว อยากจะรู้ว่าเขาเป็นยังไงจากคำพูดวันนี้

เพราะฉันเพิ่งบอกรักไป และเขาก็รับฟังทุกอย่างทุกถ้อยคำ เหมือนความฝัน
แต่ฉันเองก็ไม่อาจแน่ใจ ว่าพรุ่งนี้เรื่องของเราจะสุขหรือแสนเศร้า
จึงวอนขอดาวให้ช่วยบอกที

หากตัวเขาใจมีใจให้ฉันจริง ฉันขอได้ไหมให้ทุกสิ่งเป็นจริงเรื่อยไป
ต่อจากวันนี้เขามีแต่ฉันในหัวใจ จะอธิฐานและขอดวงดาวให้ช่วยฉันสักที

เนื่องจากตอนนี้ฉันรู้สึกจิตใจมันอ่อนไหว อยากจะรู้ว่าเขาเป็นยังไงจากคำพูดวันนี้

เพราะฉันเพิ่งบอกรักไป และเขาก็รับฟังทุกอย่างทุกถ้อยคำ เหมือนความฝัน
แต่ฉันเองก็ไม่อาจแน่ใจ ว่าพรุ่งนี้เรื่องของเราจะสุขหรือแสนเศร้า
จึงวอนขอดาวให้ช่วยบอก

ช่วยบอกให้ฉันรู้ ให้มั่นใจ การรอคอยมันยากเกินทนไหว
ได้โปรดช่วยบอกฉันและตอบหน่อยได้ไหม ว่าพรุ่งนี้เขากับฉันนั้นจะเป็นยังไง

เพราะฉันเพิ่งบอกรักไป และเขาก็รับฟังทุกอย่างทุกถ้อยคำ เหมือนความฝัน
แต่ฉันเองก็ไม่อาจแน่ใจ ว่าพรุ่งนี้เรื่องของเราจะสุขหรือแสนเศร้า
จึงวอนขอดาวให้ช่วยบอกที"
10,ที่เธอเฝ้ารอ ,https://xn--72c9bva0i.meemodel.com//เนื้อเพลง/ที่เธอเฝ้ารอ_พอส,"
ดอกไม้ที่เธอได้มา เหมาะสมและควรคู่เธอ
กลิ่นหอมชื่นใจ ดังความรักที่เธอต้องการ ฮื่อ ฮือ ฮือ
แต่แล้วก็คงไม่นาน กลิ่นหอมก็จางหายไป
กลีบสวยที่เคยอยู่สดใสกลับร่วงโรยไป

แต่เธอยังมีเมล็ดพันธุ์อยู่ หากเธอลงแรงเพาะปลูกขึ้นมา
ด้วยหยาดเหงื่อของเธอ สักวันคงได้ชม

ดอกไม้ของเธอจะอยู่กับเธอแสนนาน
หากเธอให้ความรักและใส่ใจ
กลิ่นหอมที่มีก็พร้อมให้เธอชื่นชมให้สมที่เธอได้เฝ้ารอ...
ที่เธอเฝ้ารอ

และรักก็คงเช่นกัน หากฝันถึงวันได้เคียงคู่
ต้นรักที่มีอยู่ ปลูกไว้ในใจเรา
ให้เธอเป็นน้ำใสเย็น และฉันจะเป็นแสงแดด
ต้นไม้ของเราจะงอกงามและเติบโต โว้....

แต่เธอยังมีเมล็ดพันธุ์อยู่ หากเธอลงแรงเพาะปลูกขึ้นมา
ด้วยหยาดเหงื่อของเธอ สักวันคงได้ชม

แต่เธอยังมีเมล็ดพันธุ์อยู่ หากเธอลงแรงเพาะปลูกขึ้นมา
ด้วยหยาดเหงื่อของเธอ สักวันคงได้ชม

ดอกไม้ของเธอจะอยู่กับเธอแสนนาน
หากเธอให้ความรักและใส่ใจ
กลิ่นหอมที่มีก็พร้อมให้เธอชื่นชมให้สมที่เธอได้เฝ้ารอ...
ที่เธอเฝ้ารอ

ดอกไม้ของเธอจะอยู่กับเธอแสนนาน
หากเธอให้ความรักและใส่ใจ
กลิ่นหอมที่มีก็พร้อมให้เธอชื่นชมให้สมที่เธอได้เฝ้ารอ...
ที่เธอเฝ้ารอ

ที่เธอเฝ้ารอ ที่เธอเฝ้ารอ ที่เธอเฝ้ารอ ที่เธอเฝ้ารอ....ที่เธอเฝ้ารอ...ที่เธอเฝ้ารอ"
11,ที่ว่าง ,https://xn--72c9bva0i.meemodel.com//เนื้อเพลง/ที่ว่าง_พอส,"
วันที่เวียนเปลี่ยน วันที่เลยผ่าน รักคงมั่น
เราไม่เคยห่าง เคียงคู่ชิดใกล้ ทุกเวลา
ยอมทิ้งความฝัน ยอมทุกๆอย่าง ให้กันและกัน
เพียงได้เคียงข้าง เพียงได้ร่วมทาง โอ้รักนิรันดร์

ก่อนเคยคิดว่ารักต้องอยู่ด้วยกันตลอด
เติบโตจึงได้รู้ความจริง

หากเคียงชิดใกล้ แต่เธอต้องทิ้งทุกอย่างเพื่อฉัน
ประโยชน์ที่ใด หากรักทำร้ายตัวเอง
หากเดินแนบกาย มีพลั้งต้องล้มลงเจ็บ ด้วยกัน
ห่างเพียงนิดเดียว ให้รักเป็นสายลมผ่านระหว่างเรา
แบ่งที่ว่างตรงกลางไว้คอย เพื่อให้เธอได้ตามหาฝัน ของเธอ

เรียนรู้รักอย่าง รู้คุณค่า ฝันไม่ไกล
บินไปตามทาง หาดวงตะวัน ที่เธอต้องการ
ไม่มีฉุดรั้ง ไม่มีดึงดัน เราเข้าใจ
รักยังแสนหวาน รักยังไม่เปลี่ยน เคียงคู่กัน

ก่อนเคยคิดว่ารักต้องอยู่ด้วยกันตลอด
เติบโตจึงได้รู้ความจริง

หากเคียงชิดใกล้ แต่เธอต้องทิ้งทุกอย่างเพื่อฉัน
ประโยชน์ที่ใด หากรักทำร้ายตัวเอง
หากเดินแนบกาย มีพลั้งต้องล้มลงเจ็บ ด้วยกัน
ห่างเพียงนิดเดียว ให้รักเป็นสายลมผ่านระหว่างเรา
แบ่งที่ว่างตรงกลางไว้คอย เพื่อให้เธอได้ตามหาฝัน

วันเวลาที่เราห่างไกล ความเข้าใจจะทำให้เราใกล้กัน
กลับกลายเปลี่ยนเป็นพลัง โว...

หากเคียงชิดใกล้ แต่เธอต้องทิ้งทุกอย่างเพื่อฉัน
ประโยชน์ที่ใด หากรักทำร้ายตัวเอง
หากเดินแนบกาย มีพลั้งต้องล้มลงเจ็บ ด้วยกัน
ห่างเพียงนิดเดียว ให้รักเป็นสายลมผ่านระหว่างเรา

หากเคียงชิดใกล้ แต่เธอต้องทิ้งทุกอย่างเพื่อฉัน
ประโยชน์ที่ใด หากรักทำร้ายตัวเอง
หากเดินแนบกาย มีพลั้งต้องล้มลงเจ็บ ด้วยกัน
ห่างเพียงนิดเดียว ให้รักเป็นสายลมผ่านระหว่างเรา
แบ่งที่ว่างตรงกลางไว้คอย เพื่อให้เราได้ถึงดั่งฝัน ร่วมกัน"
12,ธาราทัต-ธีรวัฒน์,https://xn--72c9bva0i.meemodel.com//เนื้อเพลง/ธาราทัต-ธีรวัฒน์_พอส,"
ฉันอยู่เดียวดายกับความอ้างว้าง     อยู่บนทางที่ฉันลอยไป
สิ่งรอบกายก็คล้ายเป็นสีเทา    หมดเวลาบนโลกใบเก่า
กับความเหงาที่ฉันไม่เข้าใจ     ล่องลอยไปไม่รู้ทิศทาง
วันนี้คนมากมายรายล้อมที่ร้องไห้     ไม่มีใครได้รู้ว่าฉันมา
อยากเอื้อมมือไปซับรอยน้ำตา   ให้กับเธอได้เหมือนวันวาน
ก็เพราะฉันรักเธอเหลือเกิน    แต่ทางเดินคือฉันต้องไป
(ก็) คงต้องไปไกลแสนไกล..  ความเป็นจริงรอฉันอยู่   รักเธอ….
แต่โชคชะตาไม่เคยปรานีใคร   คงเป็นเพียงได้พบกัน..
ในความทรงจำที่สวยงาม….เหมือนเก่า    อย่าได้เศร้าใจ   มีฉัน อยู่ข้างเธอ"
13,น้อนคาบไป (นกสีน้ำตาล),https://xn--72c9bva0i.meemodel.com//เนื้อเพลง/น้อนคาบไป%20(นกสีน้ำตาล)_พอส,"
ตอนที่ฉันบอกรักเธอ
มีนกบินมาตัวหนึ่ง เธอเลยไม่สนใจ
เธอเลยไม่ได้รู้ เธอเลยไม่ได้ยิน
สิ่งที่ฉันตั้งใจมาบอก น่าเสียดาย

ความรักฉันเลยไปอยู่บนฟ้า
ความรักฉันลอยไปสู่หมู่มวลเมฆา
เธอเลยไม่ได้รู้ เธอเลยไม่ได้ยิน
หัวใจฉัน....

กลายเป็นวันที่เลื่อนลอย 
มองพื้นดินมองทะเล มองไปยังฟ้าไกล
ถ้าให้พูดอีกครั้งมันคงไม่ค่อยดี
ก็คำว่ารักฉันมีคำเดียว

นกเจ้านกสีน้ำตาล 
ที่บนฟ้าสีคราม คาบเอารักของฉันไป
แล้วฉันยังจะเหลืออะไรที่ฉันจะบอกเธอ
แล้วฉันนั้นจะพูดอย่างไรที่ให้เธอได้เจอ
ความจริงข้างใน ที่ฉันเตรียมมานาน น่าเสียดาย

มองไปไกลเกือบลับตา
มีนกลายเดิมคู่หนึ่ง บินวนดังเต้นรำ
คำที่ฉันบอกรัก คำที่โดนคาบไป
น้อนอาจจะใช้พูดแทนใจมัน

นกเจ้านก สีน้ำตาล
ที่บนฟ้าสีคราม คาบเอารักของฉันไป
แล้วฉันยังจะเหลืออะไรที่ฉันจะบอกเธอ
แล้วฉันนั้นจะพูดอย่างไรที่ให้เธอได้เจอ
รักจริงข้างในที่ฉันเตรียมจะบอกมาตั้งนาน

เมื่อนกมันคาบไป
ก็น้อนขโมยใจ ฉันไป"
14,บางสิ่ง ,https://xn--72c9bva0i.meemodel.com//เนื้อเพลง/บางสิ่ง_พอส,"
บางที บางสิ่ง ไม่อาจรู้
บางที จุดหมาย นั้นยังไกล
แต่ความรักนั้นแสนบอบบาง
หากร้าวแล้วคงไม่มีทางให้เหมือนเดิม

บอกลา กับสิ่งที่เคยฝันร่วมกันมา
สิ่งดีๆ ที่เคยทำความทรงจำที่ผ่านมา
ให้เราลาจากกันด้วยดี

เราเองทำสิ่งที่ผิดพลั้ง เรายังหวังว่าคงคืน
แต่ความรักก็แสนบอบบาง
หากร้าวแล้วคงไม่มีทางให้เหมือนเดิม

บอกลา กับสิ่งที่เคยฝันร่วมกันมา
ให้ความดีที่เคยทำเป็นความทรงจำที่มีค่า
ให้เราลาจากกันด้วยดี

แต่ความรักช่างแสนบอบบาง
หากร้าวแล้วคงไม่มีทางให้เหมือนเดิม

บอกลากับสิ่งที่เคยฝันร่วมกันมา
ให้ความดีที่เคยทำเป็นความทรงจำที่มีค่า
ให้เราลาจากกันด้วยดี"
15,เปล่าๆ ,https://xn--72c9bva0i.meemodel.com//เนื้อเพลง/เปล่าๆ_พอส,"
อาจจะเป็นบทหนึ่งในชีวิตคิดไปทำไม
คิดแล้ววุ่นวายหัวใจเปล่าๆ
จะเป็นมุมหนึ่งแห่งความคิดติดใจทำไม
คิดแล้ววุ่นวายหัวใจเปล่าๆ

คนเรามันมีต่างชนิดคิดไปทำไม
คิดแล้ววุ่นวายหัวใจเปล่าๆ
ทุกคนมีสิทธิ์ที่จะคิดติดใจทำไม
คิดแล้ววุ่นวายหัวใจเปล่าๆ

บางสิ่งที่เราหวังเราตั้งใจ
อาจจะไม่มีความหมายสำหรับเขา
แต่สิ่งที่เราฝันนั้นเพื่อเราใช่ไหม

มองดาวบนฟ้ามีดาวนับร้อย
เรื่องราวไม่น้อยให้คอยตามหา
วันนี้จงใช้เวลาไปตามหาหนทางที่ยิ่งใหญ่
ตามทางที่มีในหัวใจของเรา

บางสิ่งที่เราหวังเราตั้งใจ
อาจจะไม่มีความหมายสำหรับเขา
แต่สิ่งที่เราฝันนั้นเพื่อเราใช่ไหม

มองดาวบนฟ้ามีดาวนับร้อย
เรื่องราวไม่น้อยให้คอยตามหา
วันนี้จงใช้เวลาไปตามหาหนทางที่ยิ่งใหญ่
ตามทางที่มีในหัวใจของเรา

อาจจะเป็นบทหนึ่งในชีวิตคิดไปทำไม
คิดแล้ววุ่นวายหัวใจเปล่าๆ
จะเป็นมุมหนึ่งแห่งความคิดติดใจทำไม
คิดแล้ววุ่นวายหัวใจเปล่าๆ

คนเรามันมีต่างชนิดคิดไปทำไม
คิดแล้ววุ่นวายหัวใจเปล่าๆ
ทุกคนมีสิทธิ์ที่จะคิดติดใจทำไม
คิดแล้ววุ่นวายหัวใจเปล่าๆ"
16,แผ่นดินแผ่นฟ้า,https://xn--72c9bva0i.meemodel.com//เนื้อเพลง/แผ่นดินแผ่นฟ้า_พอส,"
คนเราที่ยังไม่เคยจะยิ่งใหญ่    ยังไม่เคยขึ้นไปจนสูงจนเสียดฟ้า
คนเราคนนั้นก็คงจะคิดว่า    ทุกคนนั้นมีค่าเท่าตัวเขา
คนเราคนไหนที่เริ่มจะยิ่งใหญ่     เริ่มเดินขึ้นไปจนสูงจนเสียดฟ้า
คนเราคนนั้นก็คงจะคิดว่า    ไม่มีใครมีค่า   เท่าตัวเขา….
เท่าตัวเขา…   เท่าตัวเขา…     เท่าตัวเขา…    เท่าตัวเขา
ก็พื้นดินที่มันแสนจะต้อยต่ำ     แต่ก็ยังทำประโยชน์ให้อีกมากมาย
แต่ท้องฟ้าที่แสนจะกว้างใหญ่     กลับไม่เคยให้อะไร…..นอกเหนือจากความว่างเปล่า
กับคนเดินดินที่เขาต้องแพ้พ่าย    ไม่มีอะไรก็แค่ล้มลงเพียงเท่านั้น
แต่คนบนฟ้าที่สูงจนเกินกั้น    เมื่อไหร่ ถึงวันที่ต้องจะล้ม
หล่นจนฟ้า   ตกจากฟ้า   หล่นจากฟ้า    ตกจากฟ้า
ก็พื้นดินที่มันแสนจะต้อยต่ำ     แต่ก็ยังทำประโยชน์ให้อีกมากมาย    แต่ท้องฟ้าที่มันแสนจะกว้างใหญ่
กลับไม่เคยให้อะไร…..นอกเหนือจากความว่างเปล่า"
17,ฝันกลางวัน ,https://xn--72c9bva0i.meemodel.com//เนื้อเพลง/ฝันกลางวัน_พอส,"
ฝันกลางวัน ฝันถึงเธอ ไม่เจอเธอมานานได้เจอ เพียงในความฝัน
ฉันมีใจ รักให้เธอ เฝ้าฝันและเพ้อถึงเธอ เรื่อยมา

บางทีไม่มีคำตอบ ไม่รู้จะรักเธอได้นานแค่ไหน
ยังดีที่รู้สึกจากใจ ว่าวันไหนๆก็รักเธอ

ก็แค่อยากรู้ว่าเมื่อไหร่ เธอจะมีใจให้ฉัน
วันนั้นคงมีซักวัน ที่ไม่ต้องฝันอยู่(คนเดียว)

ฝันกี่ที ที่มีเธอ เลือนลางออกไปไม่เคยเลย ก็เธอไม่เคยรัก
ฉันมองเหม่อ เพ้อถึงเธอ ยังคงเฝ้าคอยแต่เธออยู่ แต่เธอไม่เคยรู้

บางทีไม่มีคำตอบ ไม่รู้จะรักเธอได้นานแค่ไหน
ยังดีที่รู้สึกจากใจ ว่าวันไหนๆก็รักเธอ

ก็แค่อยากรู้ว่าเมื่อไหร่ เธอจะมีใจให้ฉัน
วันนั้นคงมีซักวัน ที่ไม่ต้องฝันอยู่(คนเดียว)

ก็แค่อยากรู้ว่าเมื่อไหร่ เธอจะมีใจให้ฉัน
วันนั้นคงมีซักวัน ที่ไม่ต้องฝันอยู่(คนเดียว)

อยากรู้ว่าเมื่อไหร่ เธอจะมารักฉัน
ก็ได้แค่ฝัน ไม่มีซักวัน ฉันยังต้องฝันอยู่คนเดียว
ฉันยังต้องฝันอยู่คนเดียว ฉันยังต้องฝันอยู่คนเดียว"
18,มองอย่างเดียว,https://xn--72c9bva0i.meemodel.com//เนื้อเพลง/มองอย่างเดียว_พอส,"
เพียงแค่ฉันเจอะเธอคราวก่อน   ใจรุ่มร้อนดั่งเหมือนไฟ   เพียงเธอนั้นส่งสายตา
ส่งรักมาให้ฉันหรือไง   ดุจดังนางฟ้าเมตตารักมา   มอบให้ฉันด้วยหัวใจ
วิญญาณรักได้มาเจอเธอ   สบสายตาก็ล่องลอย   หรือเป็นแค่เพียงมายา
ภาพลวงตาบรรเลง   เพียงฉันเองฝันไป   มอบดวงใจนางฟ้า    เธอนั้นคือนางฟ้า
เพียงแค่สบสายตาพาใจล่องลอย    ไม่เคยจะเป็นแบบนี้    ขอฉันปิ๊งอีกทีแม้นตายก็ยอม
ได้โปรดเถิดนางฟ้า   โปรดได้เมตตารักฉันคงดี   เธอผู้เป็นนางฟ้า   ได้โปรดเมตตา
ดวงใจร้องใจมันบอก    ตรงเข้าไปและทักทาย    ใจไปแล้วแต่ตัวยังปอด    อิดออดยังไม่กล้าคุย
สวยเหลือเกิดโอ้นางฟ้า    หากพลาดไปคงบ้าตาย    ทำไงหนอจะทำยังไง   ให้กล้าไปและเผยใจ
หรือเป็นแค่เพียงมายา   ภาพลวงตาบรรเลงเพียงฉันฝันไป    มอบดวงใจนางฟ้า"
19,มีเพียงเรา ,https://xn--72c9bva0i.meemodel.com//เนื้อเพลง/มีเพียงเรา_พอส,"
เพราะว่าฉันและเธอ อยากจะบินไปยังฟ้าไกล
อยากไปถึง...เส้นขอบฟ้า
ฟ้าที่แสนกว้างใหญ่ อาจจะไกลซักกี่ล้านไมล์
แต่เรานั้น...ไม่หวั่นไหว

จะบินไปด้วยกัน .. แม้หนทางยาวไกล
จะมีกันและกัน .. แม้จะนานเพียงใด

มี..มีเพียงสองเรา  ท่ามกลางแสงแห่งดวงดาว
สายลมเหน็บหนาว ขอบฟ้ายังดูห่างไกล
มี..มีเพียงสองเราในแสงดาวที่คอยนำทาง

แม้(แสง)ดาวหมดฟ้า  ยังมีรักของเรานำทาง
เพราะว่าฉันและเธอ ต่างก็มองไปยังที่เดียว
คือขอบฟ้า  ที่สดใส
แม้จะแสนลำบาก อาจจะนานแสนนาน
กว่าจะถึงซึ่งขอบฟ้า

จะบินไปด้วยกัน .. แม้หนทางยาวไกล
จะมีกันและกัน .. แม้จะนานเพียงใด

มี..มีเพียงสองเรา  ท่ามกลางแสงแห่งดวงดาว

ฮู.......ฮา..........

มี..มีเพียงสองเรา  ท่ามกลางแสงแห่งดวงดาว

มี..มีเพียงสองเรา  ท่ามกลางแสงแห่งดวงดาว"
20,เมืองเทวดา,https://xn--72c9bva0i.meemodel.com//เนื้อเพลง/เมืองเทวดา_พอส,"
เริ่มเกมส์แล้วในเช้าของวันใหม่ ตะ...ตื่นก่อนไก่ทุกวันนะเกมส์สุดมันส์ที่แสนจะโปรดปรานผจญภัยเมืองเทวดายานวิเศษก็รออยู่แล้วแต่ต้องรีบจับจองกันหน่อยนะ เมล์เล็ก เมล์ใหญ่รถไฟ มอเตอร์ไซด์ แท๊กซี่ เรือเมล์ ก็มี เบียด เบียดกันเข้าไปชิด ชิด ชิด ในกันหน่อยซิพี่นะสตรีมีครรภ์เด็กคนชราก็อย่าให้นั่ง  แกล้งหลับน้ำลายไหลไว้อยู่เมืองแบบนี้ก็ต้องเป็นแบบนี้ ไม่ใช่ว่าเห็นแก่ตัว เล่นเกมส์แบบนี้ก็ต้องทำแบบนี้ตามแบบเมืองเทวดา เฮ้ เฮ เฮ เฮ ว่าไงคุณเทวดาเฮ้ เฮ เฮ เฮ ว่าไงเจ้าเทวดา  เฮ้ เฮ เฮ เฮ้ ว่าไงเจ้าเทวดาเฮ้ เฮ เฮ เฮ้ ว่าไงคุณเทวดา"
21,เมื่อไหร่,https://xn--72c9bva0i.meemodel.com//เนื้อเพลง/เมื่อไหร่_พอส,"
ตอนยังเล็ก   ตัวยังเล็ก   ใคร ๆ ก็คิด ใคร ๆ ก็เห็นว่า
ไอ้ตัวฉันที่เล็ก ๆ นั้นมันเป็นแค่เด็ก   บอกให้เป็นเรียนหนังสือ   บอกให้ไปท่องหนังสือ
บอกว่าเราไม่มีสิทธิ์หือ   เพราะเรามันเป็นแค่เด็ก    วันเสาร์-อาทิตย์ก็นั่งท่อง   ไอ้พวกผู้ใหญ่ก็นั่งจ้อง
ขยับเป็นต้องโดนบ้อง   ให้กลับไปท่องหนังสืออีก
เมื่อไหร่ที่ฉันเริ่มใหญ่    เมื่อถึงตอนนั้นเมื่อไหร่    ฉันคงจะทำอะไรอะไรได้มากกว่านี้อีก
จนมาถึงวันนี้   วันที่ฉันตัวโตเท่านี้   ทุกคนก็ยังคงชี้
ว่าฉันคนนี้น่ะแค่เด็ก   ไม่ต้องไปคิด   ไปฝัน   จะทำอย่างนี้อย่างนั้น
แถมยังจะตะบี้ตะบัน   บอกว่าตัวฉันนั้นยังเล็ก   บอกว่าให้ทำตามที่สอน    และไม่ต้องมายอกย้อน
ยังคงคอยสั่งสอน   เหมือนตอนที่ฉันยังเป็นเด็ก    อยากบอกให้รู้เอาไว้    โปรดปล่อยตัวฉันไปได้ไหม
ฉันอยากจะทำอะไรอะไร   ข้างนอกลูกกรงเหล็ก
เมื่อไหร่    จะได้เป็นตัวฉันซะที     เมื่อไหร่   จะได้ทำอย่างที่ฉันต้องการก็ใคร
ก็ใครกันที่ทำให้ฉันเป็นอย่างนี้     เมื่อไหร่   ชีวิตฉันเกิดมาเพื่อใคร"
22,แม่,https://xn--72c9bva0i.meemodel.com//เนื้อเพลง/แม่_พอส,"
สัมผัสแห่งรัก ครั้งแรกที่มี
คลายความทุกข์ เหน็บหนาว
อ้อมแขนที่ฉัน เคยซุกนอน
เมื่อวันแรกลืมตา
เป็นความรู้สึก ถึงรักที่ซ่อนอยู่
อบอุ่น ลึกในจิตใจ
หลับตาลึกลงข้างใน ได้ยินหัวใจตอบมา
อ้อมกอดแรกเธอให้ไว้ เมื่อยามที่ฉันเกิดมา"
23,ไม่เคยไม่คิดถึง,https://xn--72c9bva0i.meemodel.com//เนื้อเพลง/ไม่เคยไม่คิดถึง_พอส,"
เงยขึ้นไปมองบนฟ้าคืนนี้ และมองหาดาวดวงนั้นยังอยู่
มันคือดาวดวงเดิมที่เคยนั่งดูข้าง ๆ เธอ จำได้ไหม

*แสงดาวยังกระพริบมา ให้ฉันนึกถึงเธออยู่เสมอ
ถึงเราไม่ได้พบ เนิ่นนานสักเพียงไหน
ถึงแม้ว่าวันนี้เราไกลห่าง แต่ฉันยังมีเธอในใจ

**ไม่เคยไม่คิดถึงเธอเลย ไม่เคยลบเลือน
ต่อให้ไม่เจอก็เหมือนเธออยู่
ไม่เคยไม่คิดถึง และหวังว่าเธอจะรับรู้
เมื่อมองไปยังดาวที่สุดไกล
และความรักในครั้งนั้น เรื่องราวของเธอและฉัน
ไม่ว่าเนิ่นนานเท่าไร ยังมีความหมายในใจฉันเสมอ

ภาพความทรงจำมีฉันกับเธอใต้แสงดาว นึกขึ้นมาเมื่อไหร่
เรื่องราวที่ดี ๆ ที่พ้นผ่านไป นึกแล้วใจมันก็เหงา

*แสงดาวยังกระพริบมา ให้ฉันนึกถึงเธออยู่เสมอ
ถึงเราไม่ได้พบ เนิ่นนานสักเพียงไหน
ถึงแม้ว่าวันนี้เราไกลห่าง แต่ฉันยังมีเธอในใจ

**ไม่เคยไม่คิดถึงเธอเลย ไม่เคยลบเลือน
ต่อให้ไม่เจอก็เหมือนเธออยู่
ไม่เคยไม่คิดถึง และหวังว่าเธอจะรับรู้
เมื่อมองไปยังดาวที่สุดไกล
และความรักในครั้งนั้น เรื่องราวของเธอและฉัน
ไม่ว่าเนิ่นนานเท่าไร ยังมีความหมายในใจฉันเสมอ

*แสงดาวยังกระพริบมา ให้ฉันนึกถึงเธออยู่เสมอ
ถึงเราไม่ได้พบ เนิ่นนานสักเพียงไหน
ถึงแม้ว่าวันนี้เราไกลห่าง แต่ฉันยังมีเธอในใจ

**ไม่เคยไม่คิดถึงเธอเลย ไม่เคยลบเลือน
ต่อให้ไม่เจอก็เหมือนเธออยู่
ไม่เคยไม่คิดถึง และหวังว่าเธอจะรับรู้
เมื่อมองไปยังดาวที่สุดไกล
และความรักในครั้งนั้น เรื่องราวของเธอและฉัน
ไม่ว่าเนิ่นนานเท่าไร ยังมีความหมายในใจฉันเสมอ

**ไม่เคยไม่คิดถึงเธอเลย ไม่เคยลบเลือน
ต่อให้ไม่เจอก็เหมือนเธออยู่
ไม่เคยไม่คิดถึง และหวังว่าเธอจะรับรู้
เมื่อมองไปยังดาวที่สุดไกล
และความรักในครั้งนั้น เรื่องราวของเธอและฉัน
ไม่ว่าเนิ่นนานเท่าไร ยังมีความหมายในใจฉันเสมอ"
24,ไม่มีแล้ว ,https://xn--72c9bva0i.meemodel.com//เนื้อเพลง/ไม่มีแล้ว_พอส,"
ไม่มีแล้ว (No more)
คืนนี้ที่ปวดร้าว   กับเรื่องราวที่ผ่าน
หยาดฝนลมหนาว   พัดโหมกระหน่ำ
ภาพความทรงจำ   ที่เคยมีเธอ
ไม่เคยเลือนลาง   จากใจ
เคยมีเพียงสองเรา   ที่เดินเคียงข้างไป
มีเพียงแค่สองใจ   ไม่มีแล้ว
วันคืนที่งดงาม   พร่างพราวด้วยแสงดาว
ที่เคยมีสองเรา  แค่เพียงฝันไป
คืนนั้นที่เหน็บหนาว   มีเพียงแค่เธอ
ความหนาวก็จางหาย  เมื่อเราใกล้กัน
เฝ้าบอกกับใจ   ไม่มีใครแทนเธอ
ได้โปรดหวนคืน   กลับมา
เคยมีเพียงแค่สองเรา   ที่เดินเคียงข้างไป
มีเพียงแค่สองใจ    ไม่มีแล้ว
วันคืนที่งดงาม   พร่างพราวด้วยแสงดาว
ที่เคยมีสองเรา  แค่เพียงฝัน….ไป
(ไม่มีแล้ว)
(วันคืนที่งดงาม   เต็มไปด้วยแสงดาว
อบอุ่นด้วยรักเรา   แค่เพียงฝันไป)"
25,ไม่มีวันแพ้ ,https://xn--72c9bva0i.meemodel.com//เนื้อเพลง/ไม่มีวันแพ้_พอส,"
ฝันในวันนั้นที่ดูเหมือนไกลกว่านี้ วาดมันไว้สูงแม้ยังไม่สบสักที
นานหน่อยสักนิดเป็นไรไม่ยอมแค่นี้ ไม่ใช่ท้อแค่รอ ค่อยค่อยเติมมันต่อ
ยังไม่พอ พยายามอีกนิดก็คงดี

* เมื่อเผลอล้มไป เจ็บนิดเดียวก็หาย หวังถึงไงก็ร้องไห้ ฝันฉันต้องทำได้ เรื่องมันแค่นี้

** ไม่มีวันแพ้ แม้ต้องล้มอีกซักที ร้อนหรือหนาวมันต้องมี กันทุกคนอยู่แล้ว
จะไม่ยอมแพ้ แม้ไม่เห็นมีวี่แวว ถึงเลือดลมหายใจแผ่ว ก็ไม่กลัวอยู่แล้ว

แม้ว่าวันนี้ที่ดูไม่มีความหวัง แม้ว่าหลายครั้งไม่เคยสำเร็จซักที
จะเหนื่อยแค่ไหนเป็นไรไม่ยอมแค่นี้ ไม่ใช่ท้อแค่รอ ค่อยค่อยเติมมันต่อ
ยังไม่พอ พยายามอีกนิดก็คงดี

( ซ้ำ * , ** )

( ซ้ำ * , ** , ** )"
26,ยื้อ ,https://xn--72c9bva0i.meemodel.com//เนื้อเพลง/ยื้อ_พอส,"
ก็เพราะเวลาที่ผ่านมา  เธอได้ทำให้ชีวิตฉันมีคุณค่า
แต่เมื่อเวลาที่เปลี่ยนไป  ใจของเธอก็เริ่มห่างออกไปช้า ๆ
อยากจะมีคำบางคำ จะบอกกับเธอไม่ให้จากไป
อยากบอกให้เธอได้รับรู้ว่าฉันนั้นรักเธอเท่าไหร่

แต่เวลามันยังเดินไปสู่ความจริงที่ปวดใจ
อยากฉุดยั้งรั้งเอาไว้ ไม่อยากให้มันเดินไปจนนาทีสุดท้าย

ฉันก็รู้สักวันต้องจบลง และชีวิตก็คงกลับเป็นเหมือนเก่า

ยื้อฉันยื้อไม่ให้เธอจากไป  จะฉุดรั้งเอาไว้ให้เธอไม่ไปจากเรา
ทุกครั้งที่ฉันจะตัดใจ ไปให้ห่าง ให้ชีวิตเธอได้เริ่มใหม่
ทุกครั้งฉันเองก็หนักใจ เมื่อตัวฉัน เมื่อใจฉัน ไม่ยอมรับ

อยากจะมีคำบางคำ จะบอกกับเธอไม่ให้จากไป
อยากบอกให้เธอได้รับรู้ว่าฉันนั้นรักเธอเท่าไหร่

แต่เวลามันยังเดินไปสู่ความจริงที่ปวดใจ
อยากฉุดยั้งรั้งเอาไว้ ไม่อยากให้มันเดินไปจนนาทีสุดท้าย

ฉันก็รู้สักวันต้องจบลง และชีวิตก็คงกลับเป็นเหมือนเก่า

พยายามจะลืมเท่าไหร่
แต่ว่าใจมันยังไม่ยอมที่จะรับ
ชีวิตของฉันมันหมดความหมาย
จึงอยากขอให้เรา

ขอร้องให้เราเริ่มใหม่อีกครั้ง

ฉันก็รู้สักวันต้องจบลง และชีวิตก็คงกลับเป็นเหมือนเก่า"
27,รักคือคำตอบ (Universe) ,https://xn--72c9bva0i.meemodel.com//เนื้อเพลง/รักคือคำตอบ%20(Universe)_พอส,"
ใครต่อใครถาม ที่รอเธอเจ็บปวดไหม
น้อยช่างเล็กน้อย เพราะมีเธอ อยู่ในใจฉัน
ไม่ข่มขื่นไม่ฝีนใจ ไม่กลัวว่าใคร จะเปลี่ยนใจอีก
เพราะเราเข้าใจ ต่างคนต่างเคยช้ำใจ

เพราะรักคือคำตอบ ให้ฉันรอเธอ
ให้ฉันคอยเธอ ที่ตรงนี้

เพราะรักคือคำตอบ จะให้ฉันรอเธออยู่
จะให้ฉันคอยเธออยู่ ที่ปลายฟ้า

ไม่เคยจะมีใคร แม้ไกลห่างสักเพียงไหน
ให้เธอได้รู้ไว้ ฉันยังรอ อยู่ตรงนี้
จึงเฝ้ารอ จึงเฝ้ารอ ยังรอแม้จะห่างไกล

เพราะเราเข้าใจ ต่างคนต่างเคยช้ำใจ

เพราะรักคือคำตอบ ให้ฉันรอเธอ
ให้ฉันคอยเธอ ที่ตรงนี้

เดินลำพัง ท่ามกลางผู้คนที่มากมาย
อาจมีใครคิดร้าย และให้เราแยกทาง
ในใจเรา ก็ยังรู้และยังรัก มั่นคงต่อกันและกันไว้
ผูกพันไว้ เก็บใจไว้ มั่นคงในรัก

เพราะรักคือคำตอบ ให้ฉันรอเธอ
ให้ฉันคอยเธอ ที่ตรงนี้"
28,รักจริงจัง,https://xn--72c9bva0i.meemodel.com//เนื้อเพลง/รักจริงจัง_พอส,"
การที่ผู้ชายคนหนึ่งคุกเข่าลงกับพื้น
ต่อหน้าใครใครที่ยืนอยู่เป็นร้อยพัน
โดยที่เขาไม่สนสายตาเหล่านั้น แม้สักคู่เดียว
การที่ผู้ชายคนหนึ่งเอ่ยวาจาออกมา
ที่แปลว่าวันเวลาจากนี้ไปจนชั่วนิดนิรันดร์
เขาจะใช้มันเพื่อเธอ

มันคือความหวานที่ล้นเอ่อ
ที่กลั้นออกมาให้เธอจากข้างใน
มันคือความซื่อสัตย์ที่มีค่ากว่าสมบัติใด ในโลกนี้

เพียงแค่เธอรับมันไปทั้งหมดของหัวใจให้ฉันคนนี้
คงดีถ้าเธอจะตอบสักทีตอบมาด้วยคำคำเดียว I do..Yes, I do
เพียงแค่เธอรับมันไป ไปใส่ในดวงใจของเธอ
คงทำให้เราได้เจอกับรักจริงจังสักที

การที่ผู้ชายคนหนึ่งไม่ออกไปเที่ยวไหน
ไม่ว่าจะเป็นใครใครโทรมาชักชวน
นั่นเพราะเค้าเห็นว่ามันไม่ควรที่จะห่างเธอสักนาที

มันคือความหวานที่ล้นเอ่อ
ที่อยากแสดงให้เธอได้มั่นใจ
ว่าคือความซื่อสัตย์ที่มีค่ากว่าสมบัติใดในโลกนี้

เพียงแค่เธอรับมันไปทั้งหมดของหัวใจให้ฉันคนนี้
คงดีถ้าเธอจะตอบสักทีตอบมาด้วยคำคำเดียว
เพียงแค่เธอรับมันไปไปใส่ในดวงใจของเธอ
คงทำให้เราได้เจอกับจริงจังกันสักที
---
คงทำให้เราได้เจอกับความรักจริงจังกันสักทีว่
จะทำให้เธอได้เจอกับความรักจริงจัง..สักที"
29,รักเธอทั้งหมดของหัวใจ (For My Brother) ,https://xn--72c9bva0i.meemodel.com//เนื้อเพลง/รักเธอทั้งหมดของหัวใจ%20(For%20My%20Brother)_พอส,"
ทุกครั้งที่ฉันคิดถึงเธอ
ใจมันคอยบอกตัวเองอยู่เสมอ
ว่าเธอนั้นเป็นสุขไปแล้ว
ทุกครั้งที่ฉันนั้นเห็นภาพเธอ
วันคืนเก่าๆ ก็กลับมาเสมอ
มีแต่เธอที่จะไม่กลับมาแล้ว

* ยังมีอีกหลายสิ่ง
ที่ฉันยังไม่เคยพูดสักที
และมีอีกหลายอย่าง
ที่ไม่เคยทำจนวันนี้

** รัก.... รักเธอ   ทั้งหมดของหัวใจ
สิ่งเหล่านั้นเก็บไว้ข้างใน
เธอได้ยินไหมคนดี
อยากขอ.....ให้ความรู้สึกที่ฉันมี
ส่งไปถึงเธอที่แสนดี
ว่าชีวิตนี้ฉันมีแต่เธอดังความฝัน
จะพบกัน  อีกได้ไหม

หากฉันนั้นรู้ตัว  ก็คงไม่มัวเก็บมาจนวันนี้
โอ้คนดีนั้นคงได้บอกไปแล้ว

( ซ้ำ * , ** )

( ซ้ำ * )

รัก.... รักเธอ   ทั้งหมดของหัวใจ
สิ่งเหล่านั้นเก็บไว้ข้างใน
เธอได้ยินไหมคนดี
อยากขอ.....ให้ความรู้สึกที่ฉันมี
ส่งไปถึงเธอที่แสนดี
ว่าชีวิตนี้ฉันมีแต่เธอดังความฝัน
จะพบกัน

บอก..รัก.... รักเธอ   ทั้งหมดของหัวใจ
สิ่งเหล่านั้นเก็บไว้ข้างใน
เธอได้ยินไหมคนดี
อยากขอ.....ให้ความรู้สึกที่ฉันมี
ส่งไปถึงเธอที่แสนดี
ว่าชีวิตนี้ฉันมีแต่เธอดังความฝัน
แล้วสักวันจะไปหา"
30,รักอยู่รอบกาย ,https://xn--72c9bva0i.meemodel.com//เนื้อเพลง/รักอยู่รอบกาย_พอส,"
หากคำว่ารักคือคำ ที่แทนทุกสิ่ง ได้จริงอย่างที่มีความหมาย
รักเอยจะทำอย่างไร รักเอยจะแทนได้ไหม

ทุกข์ สุข เหงา เศร้าใจ ยิ้ม โกรธกัน ขอโทษกันไปกันมาเพื่ออะไร

ถ้าหากเราสองแค่ผูกพันธ์ ไม่คิด จะแยกกัน อาจจะมีบางวัน ที่สองเราไม่เข้าใจ ไม่มีใครรู้ 
แต่สองเราให้อภัย และสองเรายังห่วงใย วันที่เราก้าวไป จะให้รักนำทางเราไป

( ซ้ำ * )

หากคำว่ารักคือคำ ที่แทนทุกสิ่ง ได้จริงอย่างที่มีความหมาย
รักเอยเจ้าอยู่แห่งใด รักเอยจงอยู่รอบกาย ขอจงโอบกอดเราไว้

ท้อ เหนื่อย ล้า เท่าไร ยื้อ ห่างไกล ที่ว่างตรงกลางบางทีก็เลือนหาย

หากคำว่ารักคือคำ ที่แทนทุกสิ่ง ได้จริงอย่างที่มีความหมาย
รักเอยเจ้าอยู่แห่งใด รักเอยจงอยู่รอบกาย ขอจงโอบกอดเราไว้ ตลอดไป"
31,รีบ,https://xn--72c9bva0i.meemodel.com//เนื้อเพลง/รีบ_พอส,"
ทุกชีวิตที่ได้เกิดมา ล้วนต้องพบกับวันสุดท้าย
สรรพสิ่งที่อยู่รอบกาย ไม่มีหลีกพ้น
แหงนหน้ามองพบดวงตะวัน แม้ตัวมันยังมีวันมลาย
ดับลำแสงแรงร้อนละลาย แตกสลายดับไป
เกิดตายกำหนดไว้ กฎเกณฑ์ไร้เงื่อนไข
ใครจะรู้วันสุดท้าย ควรอยู่อย่างมีจุดหมาย

*เวลาเรามีน้อย อย่าคอยมันมาหา
อย่ามัวแต่รอช้า ก็รีบ รีบ รีบ รีบ
จงทำมันในวันนี้ จงทำมันในตอนนี้
จงทำมันนาทีนี้ ก็รีบ รีบ รีบ รีบ

หากย้อนเวลานั้นได้ดังใจ ไม่มีใครพบความผิดหวัง
กลับไปแก้ไขสิ่งที่พลาดพลั้ง แต่เวลามันไม่เคยย้อน
ย้อนเวลาไม่ได้ดังใจ ไม่มีใครจะมาสนใจ
หมดเวลามานั่งเสียดาย เพียรต่อไป
สิ่งที่พลาดพลั้ง ก็คือพลังใจ ให้เราสู่จุดหมาย
แต่อย่าลืม

เวลาเรามีน้อย อย่าคอยมันมาหา
อย่ามัวแต่รอช้า ก็รีบ รีบ รีบ รีบ
จงทำมันในวันนี้ จงทำมันในตอนนี้
จงทำมันนาทีนี้ ก็รีบ รีบ รีบ รีบ

เวลาเรามีน้อย อย่าคอยมันมาหา
อย่ามัวแต่รอช้า ก็รีบ รีบ รีบ รีบ
จงทำมันในวันนี้ จงทำมันในตอนนี้
จงทำมันนาทีนี้ ก็รีบ รีบ รีบ รีบ"
32,รู้สึกไหม ,https://xn--72c9bva0i.meemodel.com//เนื้อเพลง/รู้สึกไหม_พอส,"
แปลก แปลกใจเหลือเกิน ที่บังเอิญได้เจอเธอ แปลก แค่เพียงแรกเจอ เหมือนว่าเราต่างเคยพบกัน
ดั่งกับคนคุ้นเคยที่รู้ใจกัน มานานแสนนาน

* รู้สึกไหม ว่าใจของเราตรงกัน และความฝันมีความหมาย
รู้สึกไหม โลกเรางดงามเพียงใด เมื่อมีฉันและเธอคู่กัน

หาก ว่าใจของเธอ คิดตรงกันกับใจฉัน หาก ว่ามีสัมพันธ์ แค่เพียงบอก กับฉันคำเดียว
บอกว่าเธอเข้าใจ และพร้อมจะยอมข้องเกี่ยว เกี่ยวใจของเรา เอาไว้ด้วยกัน ตราบจนนิรันดร์

( ซ้ำ * , * )

รู้สึกไหม ว่าใจของเราตรงกัน และความฝันมีความหมาย
รู้สึกไหม โลกเรางดงามเพียงใด เมื่อมีฉันและเธอคู่กัน
รู้สึกไหม ว่าใจของเราตรงกัน และความฝันมีความหมาย
รู้สึกไหม โลกเรางดงามเพียงใด เมื่อมีฉันและเธอคู่กัน"
33,แล้วเธอ,https://xn--72c9bva0i.meemodel.com//เนื้อเพลง/แล้วเธอ_พอส,"
แอบคิดถึงกัน แอบฝันข้างเดียว ไม่มีวันเหงา
ถ้ามีเพียงเราจูงมือไปเดิน กันไป จูงมือไป
แค่มีเธออยู่ ฉันก็คง ชื่นใจ

ก็แล้วเธอ แล้วเธอกำลังคิดถึงใคร
แล้วเธอล่ะเคย เคยคิดถึงฉันบ้างไหม
ฉันยังเคยเก็บไปฝันดี

อยากให้เธอบอกมา ว่ามีใครหรือเปล่า
ก็คงเป็นฉันที่ยังกังวลอยู่เสมอ
ยังคงละเมอโทรไปหา หาถึงเธออยู่
เหมือนฉันรักเธอข้างเดียว

ก็แล้วเธอ แล้วเธอกำลังคิดถึงใคร
แล้วเธอล่ะเคย เคยคิดถึงฉันบ้างไหม
ฉันยังเคยเก็บไปฝันดี

หลงรักทุกๆ นาที มีแต่เธอ
หลงเพ้อ เพ้อถึงเพียงเธอ อยู่ข้างใน
บอกมาเลยคนดี หากเธอยังมีใคร
ฉันจะไสหัวไป

ก็แล้วเธอ แล้วเธอกำลังคิดถึงใคร
แล้วเธอล่ะเคย เคยคิดถึงฉันบ้างไหม
ฉันยังเคยเก็บไปฝันดี"
34,โลกที่เป็นหนึ่ง (One) ,https://xn--72c9bva0i.meemodel.com//เนื้อเพลง/โลกที่เป็นหนึ่ง%20(One)_พอส,"
ฮ้า...
เมื่อเรา...รักกัน ต่อเติมความสัมพันธ์
ให้คืนวันไม่เดียวดาย เมื่อมีรัก
ก็รัก..รักกัน เมื่อมีเธอข้างกาย
ทุกข์ร้อนใดมากมาย ไม่หวั่นกลัว

เมื่อความหวาน.........ไม่มีได้นาน
หมดความรัก                    ก็คงต้องไป

เดินแยกทาง โว้ โอ้ โอ ...

เก็บรัก.......              ปกคลุมหัวใจ
ในทางที่ต่างไป

ภายใต้ดวงอาทิตย์เดิม

ต่อเติมค่ำคืนด้วยแสงจันทร์  โว้ โอ้ โอ ...


เบื้องบน            ยังเป็นผืนฟ้าเดียวกัน

และเธอไม่ได้โดดเดี่ยว บนโลกไม่ได้ว่างเปล่า
ยังมีคนมากมายต่างไป .. พร้อมกับเรา         ฮืม..........

ในชีวิต...                    หากมีทุกข์ร้อนใจ

ไม่มีใครรับฟังฉันอยากรู้...

อ้อมกอดนั้น......     แสนดี       วันนี้ก็ยังดี

ยังอบอุ่นทุกนาทีที่ได้คิดถึง

เมื่อความหวาน.........ไม่มีได้นาน
หมดความรัก                    ก็คงต้องไป

เก็บรัก.......              ปกคลุมหัวใจ
ในทางที่ต่างไป

ดวงดาวที่ลอยเกลื่อนฟ้า
ฤดูกาลก็ไม่หยุดหมุน
ลม.....    ฝนบนฟ้า..   ยังพัดไป  โว้ โอ้ โอ ...

เก็บรัก.......              ปกคลุมหัวใจ
ในทางที่ต่างไป

เบื้องบน            ยังเป็นผืนฟ้าเดียวกัน

โฮ่ โฮ โฮ้ โฮ โฮ่..โฮ่ โฮ โฮ้ โฮ โฮ่
ฮ่า ฮา ฮ้า ฮา ฮ่า..ฮ่า ฮา ฮ้า ฮา ฮ่า"
35,วันใหม่ ,https://xn--72c9bva0i.meemodel.com//เนื้อเพลง/วันใหม่_พอส,"
ห้องที่ดูว่างเปล่า เธอก็ดูเงียบเหงา ที่แววตา เธอนั้นช่างดูเศร้า ฉันรู้ เธอเป็นอะไร
ในมือเธอถือรูปถ่าย หน้าต่างเธอปิดเอาไว้ จะเก็บความทรงจำ แค่นั้นก็คงง่าย แต่เก็บเวลาคงไม่ไหว

* อย่าติดกับวันที่ดีเก่าเก่า อย่าอยู่กับความคุ้นเคยเก่าเก่า อย่าให้วันคืนที่ดีเก่าเก่า มันทำร้าย
เปิดดวงใจของเธอค้นหา สิ่งที่เธอนั้นคอยไขว่คว้า ให้เวลารักษาและพาให้พบ กับวันใหม่

ออกมาดูข้างนอก และบอกตัวเองเอาไว้ สิ่งดีดีในชีวิตนี้ต้องมีใหม่  ถ้าใจของเธอนั้นพร้อม

อย่าติดกับวันที่ดีเก่าเก่า อย่าอยู่กับความคุ้นเคยเก่าเก่า อย่าให้วันคืนที่ดีเก่าเก่า มันทำร้าย
เปิดดวงใจของเธอค้นหา สิ่งที่เธอนั้นคอยไขว่คว้า ให้เวลารักษาและพาให้พบ

วันคืนที่แสนดีนั้นก็ควรที่จะจดจำ จะรอคอยให้ย้อนคงต้องเจอแต่ความเจ็บซ้ำ

( ซ้ำ * )"
36,สัมพันธ์ ,https://xn--72c9bva0i.meemodel.com//เนื้อเพลง/สัมพันธ์_พอส,"
อาจไม่ใช่ฉัน ที่เธอค้นหา
ไม่อยู่ในสายตา เธอไม่สนใจ
ก็อาจจะใช่ฉัน ที่เธอค้นหา
แค่เพียงสบสายตา ใครจะเข้าใจ
ไม่อาจรู้ ถ้าเธอมองข้ามไป
ไม่อาจรู้ ถ้าไม่ดูข้างใน

ลองซิลองเข้ามา ลองค้นหาทางออก
สิ่งที่เธอได้มองข้ามไป ใช้ใจหาคำตอบ
ใจและใจแค่ลองแลกกัน
มันก็อาจะเกิดความสัมพันธ์
ความรู้สึกที่มีให้กัน อาจเป็นรัก ... เข้าสักวัน

เมื่อวันฟ้าใส ยังมีใยเมฆบางจางอยู่
ใจเธอที่ปิดไว้ อาจมีใครข้างในก็ไม่รู้
ถ้าเธอยังบอกว่าฉัน ไม่ใช่คนที่เธอรออยู่
สิ่งที่เธอไม่รู้ อาจจะฉันซ่อนอยู่ภายใน
ไม่อาจรู้    ถ้าเธอมองข้ามไป
ไม่อาจรู้ ถ้าไม่ดูข้างใน

ลองซิลองเข้ามา ลองค้นหาทางออก
สิ่งที่เธอได้มองข้ามไป ใช้ใจหาคำตอบ
ใจและใจแค่ลองแลกกัน
มันก็อาจะเกิดความสัมพันธ์
ความรู้สึกที่มีให้กัน อาจเป็นรัก ... เข้าสักวัน

ไม่อาจรู้    ถ้าเธอมองข้ามไป
ถ้าอยากรู้ ก็เข้ามาดูข้างใน
ลองซิลองเข้ามา ลองค้นหาทางออก
สิ่งที่เธอได้มองข้ามไป ใช้ใจหาคำตอบ

ลองซิลองเข้ามา ลองค้นหาทางออก
สิ่งที่เธอได้มองข้ามไป ใช้ใจหาคำตอบ
ใจและใจแค่ลองแลกกัน
มันก็อาจะเกิดความสัมพันธ์
ความรู้สึกที่มีให้กัน อาจเป็นรัก ... เข้าสักวัน"
37,เสน่ห์,https://xn--72c9bva0i.meemodel.com//เนื้อเพลง/เสน่ห์_พอส,"
แรงอะไรม่รู้ ที่ดึงดูดกายและวิญญาณมันทำให้ฉันต้องอยู่กับเธอ ชั่วกาล ทนไม่ไหว ไม่ไหวก็อยากจะหนีไปไกลสุดไกล (เซ็กซี่ เซ็กซี่ เซ็กซี่)ยังโดนฉุดไว้ด้วยแรงเสน่ห์ของเธอ (เซ็กซี่ เซ็กซี่ เซ็กซี่)วนเวียนไม่พ้นดิ้นรนไม่อยากเจอ (เซ็กซี่ เซ็กซี่ เซ็กซี่)ถูกเธอดึงไว้ใกล้เธอตลอดไป (เซ็กซี่ เซ็กซี่ เซ็กซี่)มีแรงใดไหม ต้านเธอให้หลุดพ้นจนใจไม่รู้ ต้องอยู่อย่างนี้เรื่อยไปทนไม่ไหว ไม่ไหว..แล้วก็อยากจะหนีไปไกลสุดไกลยังโดนฉุดไว้ด้วยแรงเสน่ห์ของเธอวนเวียนไม่พ้นดิ้นรนไม่อยากเจอถูกเธอดึงไว้ใกล้เธอตลอดไปก็อยากจะหนีไปไกลสุดไกลยังโดนฉุดไว้ด้วยแรงเสน่ห์ของเธอวนเวียนไม่พ้นดิ้นรนไม่อยากเจอถูกเธอดึงไว้ใกล้เธอตลอดไปก็อยากจะหนีไปไกลสุดไกลยังโดนฉุดไว้ด้วยแรงเสน่ห์ของเธอวนเวียนไม่พ้นดิ้นรนไม่อยากเจอถูกเธอดึงไว้ใกล้เธอตลอดไปก็อยากจะหนีไปไกลสุดไกลยังโดนฉุดไว้ด้วยแรงเสน่ห์ของเธอวนเวียนไม่พ้นดิ้นรนไม่อยากเจอถูกเธอดึงไว้ใกล้เธอตลอดไป"
38,หมา ,https://xn--72c9bva0i.meemodel.com//เนื้อเพลง/หมา_พอส,"
ยังมีตำนานเป็นนิทานกาลก่อน  เพื่อนฉันเห่าหอนเป็นสุนัขหมาที่ดี
มีมันยังมีเจ้าดำซ้ำยังน่ากลัว  ตัวมันมากมีทั้งเล่ห์กลปนลวง
แล้วอยู่มาในวันคืนพระจันทร์ลางเลือน  นายคอยย้ำเตือนให้ดูแลที่เล้าไก่
แต่ใครจะล่วงรู้ความคิดที่ชั่วเลง  เมื่อความดีแหลกเหลวแปรตามในดวงตา
เจ้าตัวแสบ  หวังกินไก่  เผลอพลาดไป ติดกับดักนายพรานโดนเข้าที่หาง
ตัวแสบร้องครวญคราง  โอ้ยยยย ก็แล้วจะทำยังไง  กลายเป็นหมาหางกุด
พวกมนุษย์ก็เลิกเลี้ยงดูแล ความจริงก็คงจะไม่แคร์แต่หมู่หมาก็งงงวย
ซวยเราซวยแปลกประหลาดที่ขาดหางกลางความสับสนเล่ห์กลพลันบังเกิด
โอ้มาเถิดเพื่อนมาจงฟังฉัน  ก่อนหางนี้บั่นทอนความองอาจของเรา
อย่ามัวโง่เขลามัวเป็นเต่าล้านปีหอนประกาศ  หมาได้ฟัง เชื่อตามมัน
พากันไปตัดหางที่เคยดีงามทิ้งไปไม่ต้องการ ทำตัวเลวทรามตามอย่างเจ้าดำ
เรื่องเลวร้ายก็กลายเป็นเรื่องดี  สิ่งดีดีทิ้งไปไม่เข้าใจบาปที่ใครก็คงดูกันได้
อยู่ใต้เงาจิตใจของเธอเอง  เรื่องเลวร้ายก็กลายเป็นเรื่องดี  คนดีดีถูกฝังให้จมดิน
แม้ไม่มีใครยอมก็ทำตามกันไป  ดูเป็ฯอะไรที่คืบคลานบนแผ่นดิน"
39,เหงา ,https://xn--72c9bva0i.meemodel.com//เนื้อเพลง/เหงา_พอส,"
นั่งมองดูดาวช่างสวยงาม 
ส่องแสงประกายเต็มฟ้าเวลาค่ำคืน
อยากให้ดวงดาวทั้งหมดฟ้า 
มาส่องแสงให้กับฉันผู้เดียว
อยากให้เธอมองมาที่ฉันคนเดียว

นั่งมองไปเพลินๆ เริ่มง่วงนอน 
ดาวก็ยังอยู่เต็มฟ้าเวลาหมุนไป
ก็แค่เพียงดวงดาวก็เท่านั้น 
ก็มันเป็นเพียงแค่แสงดาว
ต่อให้ดวงดาวทั้งหมดฟ้า 
มาส่องแสงให้กับฉันผู้เดียว
แต่ว่าฉันยังเหงา ก็เท่านั้นเท่านั้นเอง

ก็ไม่มีอะไรมากกว่านั้น ก็ยังคงเป็นแค่แสงดาว
ต่อให้ดวงดาวทั้งหมดฟ้า มาส่องแสงให้กับฉันผู้เดียว
แต่ว่าฉันยังเหงา ก็เท่านั้น เท่านั้นเอง"
40,อย่ากลัวเสียก่อน (Be Strong),https://xn--72c9bva0i.meemodel.com//เนื้อเพลง/อย่ากลัวเสียก่อน%20(Be%20Strong)_พอส,"
แววตาของเธอดูสดใสในใจของเธออาจอ่อนไหวอยู่กลางแสงจันทร์ ดูสับสนกลับมองหน้าเธอดูอ่อนล้าในยามค่ำคืน ที่เงียบเหงาเหลือเกินไม่มีผู้คน แต่มีฉันหยุดมันไว้ก่อน ถ้าอ่อนล้าหัวใจเธออาจเสียใจ แต่อาจรู้ความหมายของเธอโปรดจงเข้มแข็งไว้เถิดหลับตาของเธอ ถ้าใจเธอสับสนจับมือฉันก่อน ถ้าใจเธออ่อนไหวอย่ากลัวเสียก่อน ลองตามหาความหมายโปรดจงเข้มแข็งไว้เถิดหลับตาของเธอ ถ้าใจเธอสับสนจับมือฉันก่อน ถ้าใจเธออ่อนไหวอย่ากลัวเสียก่อน ลองตามหาความหมาย"
41,อย่าตัดสินใจ,https://xn--72c9bva0i.meemodel.com//เนื้อเพลง/อย่าตัดสินใจ_พอส,"
ฉันจะเป็นยังไง เธอจะเป็นยังไงอยู่กัน
ฉันจะเป็นยังไง เธอจะเป็นยังไงถ้าได้กัน
ถ้าเธอนั้นยังไม่พร้อม เธอก็ไม่ต้องยอมไม่ว่ากัน

อย่าตัดสินใจ ถ้าเธอยังมองใครอยู่ทุกวัน
หากเรามีกัน ก็คงจะมีสักวันต้องเสียใจ
จะแต่งกันไปไวไว หรือคบกันไปอีกนิดก็คิดดู

จะไปกับใครที่ไหน กับใครก็บอกกัน
เคยห้ามเธอสักเมื่อไร จะไปกับใครเมื่อไรแค่บอกกัน
ฉันแค่อยากจะรู้ ไม่คิดจะตามไปดูให้ว่ากัน

เป็นห่วงเป็นใย ถ้าเธอไปเป็นอะไรที่ไหนมา
ทำหน้าทำตา จะแก้คำครหาว่าไงดี
ว่าเดินกันอยู่ดีดี แล้วเธอก็มีไอ้นี่กลับมา

อยากลืมฉันนั้นเมื่อไหร่ อยากเลิกกับฉันเมื่อไหร่ก็บอกกัน
จะคบกันไปทำไม จะรักกันไปทำไมถ้าหลอกกัน
พูดกันมาดีดี ไม่มีอะไรที่ฉันไม่ให้กัน

อย่าตัดสินใจ ถ้าเธอยังมองใครอยู่ทุกวัน
หากเรามีกัน ก็คงจะมีสักวันต้องเสียใจ
จะแต่งกันไปไวไว หรือคบกันไปอีกนิดก็คิดดู

จะไปกับใครที่ไหน กับใครก็บอกกัน
เคยห้ามเธอสักเมื่อไร จะไปกับใครเมื่อไรแค่บอกกัน
ฉันแค่อยากจะรู้ ไม่คิดจะตามไปดูให้ว่ากัน

เป็นห่วงเป็นใย ถ้าเธอไปเป็นอะไรที่ไหนมา
ทำหน้าทำตา จะแก้คำครหาว่าไงดี
ว่าเดินกันอยู่ดีดี แล้วเธอก็มีไอ้นี่กลับมา

เป็นห่วงเป็นใย ถ้าเธอไปเป็นอะไรที่ไหนมา
ทำหน้าทำตา จะแก้คำครหาว่าไงดี
ว่าเดินกันอยู่ดีดี แล้วเธอก็มีไอ้นี่กลับมา

ว่าเดินกันอยู่ดีดี แล้วเธอก็มีไอ้นี่กลับมา
ว่าเดินกันอยู่ดีดี แล้วเธอก็มีไอ้นี่กลับมา"
42,ออกไป (Out),https://xn--72c9bva0i.meemodel.com//เนื้อเพลง/ออกไป%20(Out)_พอส,"
ลันลันลันลาลา ลันลันลันลาลา  อยากบอก  ลันลันลันลาลา ลันลันลันลาลา  อยากบอกลันลันลันลาลา ลันลันลันลาลา  อยากบอก  ลันลันลันลาลา ลันลันลันลาลา   อยากบอกหาก??? ตอนนั้น ที่ฉันมองภาพถ่ายภาพเธอยังคอยย้ำ และจำยังฝังใจก็อยากได้ยินเสียงของเธออีกครั้ง ถ้าทำได้อยากจะเปลี่ยนคนนั้น ที่อยู่ข้างเธอ ให้ออกไป จากใจ ออกไปออกไปจากใครคนนั้นที่ฉันเฝ้ามองอยู่*ภาพนั้นที่เขาเคยผูกพัน เอาคืนไป เอาคืนไปปลอกหมอนชุดนอนที่เขาใส่ เอาออกไป เอาออกไปก่อนนั้นที่เคยได้ครองเธอ ให้เป็นฉันอย่าเป็นใครจูบไล้ซอกคอ ???? ถ้าเป็นฉันคงสุขใจลันลันลันลาลา ลันลันลันลาลา  อยากบอก ลันลันลันลาลา ลันลันลันลาลา   อยากบอกลันลันลันลาลา ลันลันลันลาลา  อยากบอก  ลันลันลันลาลา ลันลันลันลาลา   อยากบอกผ้าห่มอุ่นๆนั้น ให้ฉันห่มคลุมให้เราได้นอนหนุน แนบกายภายในให้ฉันกระซิบรักข้างหู เธอแนบใจแนบกายคอยกอดรักที่โบยบินไป ออกไป จากใจออกไปจากใครคนนั้นที่ฉันเฝ้ามองอยู่ภาพนั้นที่เขาเคยผูกพัน เอาคืนไป เอาคืนไปปลอกหมอนชุดนอนที่เขาใส่ เอาออกไป เอาออกไปก่อนนั้นที่เคยได้ครองเธอ ให้เป็นฉันอย่าเป็นใครจูบไล้ซอกคอ ???? ถ้าเป็นฉันคงสุขใจ คงสุขใจ...ภาพนั้นที่เขาเคยผูกพัน เอาคืนไป เอาคืนไปปลอกหมอนชุดนอนที่เขาใส่ เอาออกไป เอาออกไปก่อนนั้นที่เคยได้ครองเธอ ให้เป็นฉันอย่าเป็นใครจูบไล้ซอกคอ ???? ถ้าเป็นฉันคงสุขใจ"
43,อีกครั้ง ,https://xn--72c9bva0i.meemodel.com//เนื้อเพลง/อีกครั้ง_พอส,"
เรื่องเธอเดินไป กับใครบางคน
ฉันรู้ดีอยู่ ฉันรู้ดีอยู่
และเธอเดินมา เพื่อบอกคำลา
ฉันรู้ดีอยู่ ฉันรู้ดีอยู่

บอกกันตรงๆ บอกมาเบาๆ

ให้ฉันได้รู้และแน่ใจ ว่าเธอจะเปลี่ยนไป


(ก็)แค่อีกครั้งที่ต้องจบ อีกครั้งที่ต้องจาก
เมื่อเธอพบใครใหม่ ก็บอกฉัน
อีกครั้งที่สร้างมา สุดท้ายต้องแยกจาก
บอกฉันมาเลย ฉันชินและชากับความเสียใจ

เมื่อเธอจะไป เหนี่ยวรั้งไว้ทำไม
ฉันรู้ดีอยู่ ฉันรู้ดีอยู่
ความรักเป็นเพียง แค่แสงตะเกียงนำทางมืดบอด

ฉันรู้ดีอยู่ ฉันรู้ดีอยู่

บอกกันตรงๆ บอกมาเบาๆ

แค่อีกครั้งที่ต้องจบ อีกครั้งที่ต้องจาก
เมื่อเธอพบใครใหม่ ก็บอกฉัน
กี่ครั้งที่สร้างมา สุดท้ายต้องแยกจาก
บอกฉันมาเลย ฉันชินและชา
แค่เธอเดินจากไป
และฝันได้จางหายไป
แต่ฉันยังคงหายใจ ในวันนี้

บอกกันตรงๆ บอกมาเบาๆ

แค่อีกครั้งที่ต้องจบ อีกครั้งที่ต้องจาก
เมื่อเธอพบใครใหม่ ก็บอกฉัน
กี่ครั้งที่สร้างมา สุดท้ายต้องแยกจาก

(ก็)แค่อีกครั้งที่ต้องจบ อีกครั้งที่ต้องจาก
เมื่อเธอพบใครใหม่ ก็บอกฉัน
อีกครั้งที่สร้างมา สุดท้ายต้องแยกจาก
บอกฉันมาเลย ฉันชินและชากับความเสียใจ

ฮู้......................

กับความเสียใจ"
